{"Communist Party": [4.923076923076923, 4.992307692307692, 4.813953488372093, 1.0307692307692307, 5.0, 4.953846153846154, 2.1538461538461537, 2.576923076923077, 1.0, 1.0076923076923077, 1.1153846153846154, 2.852713178294574, 4.9689922480620154, 5.0, 1.0, 1.0153846153846153, 1.0923076923076922], "Constitutional Democratic Party": [2.9703389830508473, 4.14468085106383, 3.348936170212766, 1.1864406779661016, 4.408510638297872, 4.452991452991453, 2.297872340425532, 1.6864406779661016, 1.6567796610169492, 1.6779661016949152, 2.080508474576271, 2.4893617021276597, 3.978723404255319, 3.944915254237288, 1.2754237288135593, 1.6382978723404256, 1.3601694915254237], "Democratic Party for the People": [2.3703703703703702, 3.3703703703703702, 3.074074074074074, 1.4444444444444444, 3.3703703703703702, 4.037037037037037, 2.4444444444444446, 1.6296296296296295, 1.8888888888888888, 2.074074074074074, 2.6666666666666665, 2.6296296296296298, 3.5555555555555554, 2.7777777777777777, 1.5925925925925926, 2.037037037037037, 1.7407407407407407], "Japan Innovation Party": [1.3473684210526315, 2.168421052631579, 2.210526315789474, 2.6315789473684212, 2.1578947368421053, 3.0631578947368423, 3.5157894736842104, 2.031578947368421, 1.2526315789473683, 2.7473684210526317, 4.252631578947368, 2.336842105263158, 2.9263157894736844, 1.5157894736842106, 2.1789473684210527, 2.3263157894736843, 1.6], "Komeito": [2.792452830188679, 4.132075471698113, 2.9245283018867925, 1.0754716981132075, 2.0943396226415096, 3.8867924528301887, 2.0943396226415096, 1.9056603773584906, 4.150943396226415, 2.6037735849056602, 3.056603773584906, 2.1132075471698113, 3.30188679245283, 2.3207547169811322, 1.5660377358490567, 2.0377358490566038, 1.471698113207547], "Liberal Democratic Party": [1.5602605863192183, 2.248344370860927, 2.2287581699346406, 1.9150326797385622, 1.6156351791530945, 3.5841584158415842, 2.0098360655737704, 1.8241042345276872, 3.7311475409836063, 2.65016501650165, 3.1827242524916945, 2.4901315789473686, 2.742574257425743, 2.026143790849673, 3.1337792642140467, 3.3627118644067795, 2.608843537414966], "Reiwa Shinsengumi": [3.1904761904761907, 4.571428571428571, 4.666666666666667, 1.1904761904761905, 4.9523809523809526, 4.75, 1.0952380952380953, 1.0, 1.1904761904761905, 1.0476190476190477, 1.0952380952380953, 3.7142857142857144, 4.523809523809524, 4.904761904761905, 1.0476190476190477, 1.1428571428571428, 1.0], "Social Democratic Party": [4.933333333333334, 5.0, 4.933333333333334, 1.0, 5.0, 4.933333333333334, 1.9333333333333333, 2.7333333333333334, 1.0, 1.1333333333333333, 1.1333333333333333, 2.1333333333333333, 5.0, 5.0, 1.0, 1.0666666666666667, 1.0666666666666667]}